X1,X2,LABEL,TYPE,CLUSTER
531.9851690437645,590.6396926662171,MIN,BORDER,1
969.4851690437645,331.3804334069579,MIN,BORDER,1
516.3601690437645,998.0471000736244,MIN,BORDER,1
953.8601690437645,405.45450748103195,MIN,BORDER,1
547.6101690437645,294.3433963699208,MIN,BORDER,1
797.6101690437645,961.0100630365873,MIN,BORDER,1
735.1101690437645,22.738458098315846,MIN,BORDER,1
985.1101690437645,689.4051247649824,MIN,BORDER,1
508.5476690437645,356.0717914316492,MIN,BORDER,1
539.7976690437645,763.4791988390566,MIN,BORDER,1
914.7976690437645,985.7014210612787,MIN,BORDER,1
977.2976690437645,541.2569766168342,MIN,BORDER,1
524.1726690437645,59.77549513535297,MIN,BORDER,1
961.6726690437645,837.5532729131305,MIN,BORDER,1
805.4226690437645,6.277552748521657,MIN,BORDER,1
992.9226690437645,117.38866385963274,MIN,BORDER,1
504.6414190437645,784.0553305262993,MIN,BORDER,1
692.1414190437645,969.2405157114845,MIN,BORDER,1
535.8914190437645,191.46273793370682,MIN,BORDER,1
910.8914190437645,43.31458978555867,MIN,BORDER,1
973.3914190437645,932.2034786744474,MIN,BORDER,1
520.2664190437645,598.8701453411142,MIN,BORDER,1
582.7664190437645,30.968910773212997,MIN,BORDER,1
957.7664190437645,253.19113299543523,MIN,BORDER,1
989.0164190437645,438.3763181806204,MIN,BORDER,1
512.4539190437645,327.2652070695093,MIN,BORDER,1
762.4539190437645,993.9318737361759,MIN,BORDER,1
543.7039190437645,401.3392811435834,MIN,BORDER,1
668.7039190437645,956.8948366991388,MIN,BORDER,1
981.2039190437645,18.623231760867327,MIN,BORDER,1
528.0789190437645,685.2898984275339,MIN,BORDER,1
965.5789190437645,463.0676762053117,MIN,BORDER,1
621.8289190437645,981.5861947238302,MIN,BORDER,1
996.8289190437645,870.4750836127189,MIN,BORDER,1
502.6882940437645,537.1417502793857,MIN,BORDER,1
533.9382940437645,833.4380465756819,MIN,BORDER,1
658.9382940437645,0.18092113748673455,MIN,BORDER,1
971.4382940437645,555.7364766930424,MIN,BORDER,1
518.3132940437645,111.29203224859788,MIN,BORDER,1
955.8132940437645,963.1438841004497,MIN,BORDER,1
549.5632940437645,629.8105507671164,MIN,BORDER,1
612.0632940437645,37.2179581745238,MIN,BORDER,1
987.0632940437645,259.440180396746,MIN,BORDER,1
510.5007940437645,926.1068470634126,MIN,BORDER,1
823.0007940437645,24.872279162178074,MIN,BORDER,1
541.7507940437645,247.09450138440025,MIN,BORDER,1
979.2507940437645,765.6130199029188,MIN,BORDER,1
526.1257940437645,432.27968656958546,MIN,BORDER,1
651.1257940437645,987.8352421251411,MIN,BORDER,1
963.6257940437645,61.90931619921514,MIN,BORDER,1
932.3757940437645,950.7982050881039,MIN,BORDER,1
994.8757940437645,506.35376064365965,MIN,BORDER,1
506.5945440437645,12.526600149832404,MIN,BORDER,1
537.8445440437645,456.97104459427686,MIN,BORDER,1
850.3445440437645,975.4895631127954,MIN,BORDER,1
975.3445440437645,197.71178533501757,MIN,BORDER,1
522.2195440437645,864.3784520016842,MIN,BORDER,1
647.2195440437645,49.56363718686947,MIN,BORDER,1
959.7195440437645,605.1191927424251,MIN,BORDER,1
928.4695440437645,8.411373812383886,MIN,BORDER,1
990.9695440437645,897.3002627012727,MIN,BORDER,1
514.4070440437645,563.9669293679394,MIN,BORDER,1
951.9070440437645,304.7076701086802,MIN,BORDER,1
545.6570440437645,971.3743367753468,MIN,BORDER,1
858.1570440437645,45.448410849420895,MIN,BORDER,1
983.1570440437645,378.7817441827542,MIN,BORDER,1
530.0320440437645,267.6706330716431,MIN,BORDER,1
717.5320440437645,33.102731837075225,MIN,BORDER,1
967.5320440437645,699.7693985037419,MIN,BORDER,1
998.7820440437645,107.1768059111493,MIN,BORDER,1
501.7117315437645,773.8434725778159,MIN,BORDER,1
876.7117315437645,996.0656948000382,MIN,BORDER,1
532.9617315437645,70.13976887411229,MIN,BORDER,1
595.4617315437645,959.0286577630011,MIN,BORDER,1
970.4617315437645,847.9175466518899,MIN,BORDER,1
517.3367315437645,514.5842133185567,MIN,BORDER,1
767.3367315437645,20.757052824729556,MIN,BORDER,1
954.8367315437645,131.86816393584058,MIN,BORDER,1
548.5867315437645,798.5348306025073,MIN,BORDER,1
736.0867315437645,983.7200157876924,MIN,BORDER,1
986.0867315437645,650.3866824543592,MIN,BORDER,1
509.5242315437645,205.94223800991466,MIN,BORDER,1
540.7742315437645,613.3496454173222,MIN,BORDER,1
603.2742315437645,4.296147474935367,MIN,BORDER,1
978.2742315437645,226.51836969715748,MIN,BORDER,1
525.1492315437645,893.1850363638241,MIN,BORDER,1
962.6492315437645,411.7035548823427,MIN,BORDER,1
806.3992315437645,967.2591104378982,MIN,BORDER,1
743.8992315437645,41.33318451197238,MIN,BORDER,1
993.8992315437645,707.9998511786391,MIN,BORDER,1
505.6179815437645,374.66651784530563,MIN,BORDER,1
943.1179815437645,28.98750549962665,MIN,BORDER,1
536.8679815437645,695.6541721662934,MIN,BORDER,1
974.3679815437645,473.43194994407105,MIN,BORDER,1
521.2429815437645,103.06157957370078,MIN,BORDER,1
583.7429815437645,991.9504684625896,MIN,BORDER,1
958.7429815437645,880.8393573514784,MIN,BORDER,1
864.9929815437645,954.9134314255525,MIN,BORDER,1
989.9929815437645,177.1356536477748,MIN,BORDER,1
513.4304815437645,843.8023203144414,MIN,BORDER,1
638.4304815437645,16.64182648728098,MIN,BORDER,1
950.9304815437645,572.1973820428367,MIN,BORDER,1
544.6804815437645,127.75293759839207,MIN,BORDER,1
982.1804815437645,979.6047894502439,MIN,BORDER,1
529.0554815437645,646.2714561169106,MIN,BORDER,1
966.5554815437645,275.9010857465402,MIN,BORDER,1
872.8054815437645,2.9244053624524895,MIN,BORDER,1
997.8054815437645,336.2577386957858,MIN,BORDER,1
503.6648565437645,225.1466275846746,MIN,BORDER,1
534.9148565437645,410.3318127698599,MIN,BORDER,1
659.9148565437645,965.8873683254154,MIN,BORDER,1
972.4148565437645,39.9614423994895,MIN,BORDER,1
519.2898565437645,706.6281090661562,MIN,BORDER,1
956.7898565437645,484.40588684393396,MIN,BORDER,1
550.5398565437645,27.61576338714383,MIN,BORDER,1
988.0398565437645,805.3935411649215,MIN,BORDER,1
511.4773565437645,472.06020783158823,MIN,BORDER,1
823.9773565437645,990.5787263501068,MIN,BORDER,1
542.7273565437645,879.4676152389957,MIN,BORDER,1
730.2273565437645,953.5416893130697,MIN,BORDER,1
980.2273565437645,620.2083559797364,MIN,BORDER,1
527.1023565437645,175.76391153529192,MIN,BORDER,1
902.1023565437645,15.27008437479816,MIN,BORDER,1
964.6023565437645,904.1589732636871,MIN,BORDER,1
995.8523565437645,311.5663806710944,MIN,BORDER,1
507.5711065437645,978.233047337761,MIN,BORDER,1
538.8211065437645,274.5293436340574,MIN,BORDER,1
726.3211065437645,11.154858037349584,MIN,BORDER,1
976.3211065437645,677.8215247040163,MIN,BORDER,1
523.1961065437645,344.4881913706829,MIN,BORDER,1
960.6961065437645,85.22893211142366,MIN,BORDER,1
929.4461065437645,974.1178210003125,MIN,BORDER,1
991.9461065437645,529.6733765558681,MIN,BORDER,1
515.3836065437645,48.19189507438659,MIN,BORDER,1
952.8836065437645,825.9696728521642,MIN,BORDER,1
546.6336065437645,492.63633951883105,MIN,BORDER,1
796.6336065437645,35.84621606204098,MIN,BORDER,1
984.1336065437645,146.957327173152,MIN,BORDER,1
531.0086065437645,813.6239938398187,MIN,BORDER,1
718.5086065437645,998.8091790250039,MIN,BORDER,1
968.5086065437645,665.4758456916707,MIN,BORDER,1
999.7586065437645,961.7721419879667,MIN,BORDER,1
500.1248174812645,628.4388086546335,MIN,BORDER,1
562.6248174812645,23.500537049695254,MIN,BORDER,1
531.3748174812645,912.3894259385842,MIN,BORDER,1
968.8748174812645,430.90794445710264,MIN,BORDER,1
515.7498174812645,319.79683334599156,MIN,BORDER,1
765.7498174812645,986.4635000126582,MIN,BORDER,1
953.2498174812645,727.2042407533991,MIN,BORDER,1
546.9998174812645,393.87090742006563,MIN,BORDER,1
917.8388230502605,415.3037351362178,MIN,SAFE,1
592.8388230502605,315.3037351362178,MIN,SAFE,1
792.8388230502605,915.3037351362177,MIN,SAFE,1
692.8388230502605,615.3037351362178,MIN,SAFE,1
892.8388230502605,215.30373513621782,MIN,SAFE,1
642.8388230502605,815.3037351362177,MIN,SAFE,1
842.8388230502605,515.3037351362178,MIN,SAFE,1
742.8388230502605,70.85929069177342,MIN,SAFE,1
942.8388230502605,670.8592906917733,MIN,SAFE,1
561.5888230502605,370.85929069177337,MIN,SAFE,1
761.5888230502605,270.85929069177337,MIN,SAFE,1
661.5888230502605,870.8592906917734,MIN,SAFE,1
861.5888230502605,570.8592906917735,MIN,SAFE,1
611.5888230502605,170.85929069177342,MIN,SAFE,1
811.5888230502605,770.8592906917734,MIN,SAFE,1
711.5888230502605,470.85929069177337,MIN,SAFE,1
911.5888230502605,137.52595735844005,MIN,SAFE,1
586.5888230502605,737.5259573584401,MIN,SAFE,1
786.5888230502605,437.52595735844,MIN,SAFE,1
686.5888230502605,337.52595735844,MIN,SAFE,1
886.5888230502605,937.5259573584399,MIN,SAFE,1
636.5888230502605,637.52595735844,MIN,SAFE,1
836.5888230502605,237.52595735844005,MIN,SAFE,1
736.5888230502605,837.5259573584399,MIN,SAFE,1
936.5888230502605,537.52595735844,MIN,SAFE,1
574.0888230502605,104.19262402510674,MIN,SAFE,1
774.0888230502605,704.1926240251067,MIN,SAFE,1
674.0888230502605,404.1926240251067,MIN,SAFE,1
874.0888230502605,304.1926240251067,MIN,SAFE,1
624.0888230502605,904.1926240251066,MIN,SAFE,1
824.0888230502605,604.1926240251067,MIN,SAFE,1
724.0888230502605,204.19262402510674,MIN,SAFE,1
924.0888230502605,804.1926240251066,MIN,SAFE,1
599.0888230502605,504.1926240251067,MIN,SAFE,1
799.0888230502605,56.044475876958586,MIN,SAFE,1
699.0888230502605,656.0444758769586,MIN,SAFE,1
899.0888230502605,356.0444758769585,MIN,SAFE,1
649.0888230502605,256.0444758769586,MIN,SAFE,1
849.0888230502605,856.0444758769586,MIN,SAFE,1
749.0888230502605,556.0444758769586,MIN,SAFE,1
949.0888230502605,156.0444758769586,MIN,SAFE,1
551.4325730502605,756.0444758769585,MIN,SAFE,1
751.4325730502605,456.0444758769585,MIN,SAFE,1
651.4325730502605,122.71114254362521,MIN,SAFE,1
851.4325730502605,722.7111425436252,MIN,SAFE,1
601.4325730502605,422.71114254362516,MIN,SAFE,1
801.4325730502605,322.71114254362516,MIN,SAFE,1
701.4325730502605,922.7111425436251,MIN,SAFE,1
901.4325730502605,622.7111425436252,MIN,SAFE,1
576.4325730502605,222.71114254362527,MIN,SAFE,1
776.4325730502605,822.7111425436251,MIN,SAFE,1
676.4325730502605,522.7111425436252,MIN,SAFE,1
876.4325730502605,89.3778092102919,MIN,SAFE,1
626.4325730502605,689.3778092102918,MIN,SAFE,1
826.4325730502605,389.37780921029184,MIN,SAFE,1
726.4325730502605,289.37780921029184,MIN,SAFE,1
926.4325730502605,889.3778092102918,MIN,SAFE,1
563.9325730502605,589.3778092102918,MIN,SAFE,1
763.9325730502605,189.37780921029196,MIN,SAFE,1
663.9325730502605,789.3778092102918,MIN,SAFE,1
863.9325730502605,489.37780921029184,MIN,SAFE,1
613.9325730502605,78.26669809918081,MIN,SAFE,1
813.9325730502605,678.2666980991808,MIN,SAFE,1
713.9325730502605,378.2666980991807,MIN,SAFE,1
913.9325730502605,278.26669809918076,MIN,SAFE,1
588.9325730502605,878.2666980991808,MIN,SAFE,1
788.9325730502605,578.2666980991808,MIN,SAFE,1
688.9325730502605,178.26669809918081,MIN,SAFE,1
888.9325730502605,778.2666980991808,MIN,SAFE,1
638.9325730502605,478.2666980991807,MIN,SAFE,1
838.9325730502605,144.93336476584744,MIN,SAFE,1
738.9325730502605,744.9333647658474,MIN,SAFE,1
938.9325730502605,444.9333647658474,MIN,SAFE,1
557.6825730502605,344.9333647658474,MIN,SAFE,1
757.6825730502605,944.9333647658474,MIN,SAFE,1
657.6825730502605,644.9333647658475,MIN,SAFE,1
857.6825730502605,244.9333647658475,MIN,SAFE,1
607.6825730502605,844.9333647658474,MIN,SAFE,1
807.6825730502605,544.9333647658474,MIN,SAFE,1
707.6825730502605,111.60003143251419,MIN,SAFE,1
907.6825730502605,711.6000314325141,MIN,SAFE,1
582.6825730502605,411.6000314325141,MIN,SAFE,1
782.6825730502605,311.600031432514,MIN,SAFE,1
682.6825730502605,911.600031432514,MIN,SAFE,1
882.6825730502605,611.6000314325141,MIN,SAFE,1
632.6825730502605,211.60003143251419,MIN,SAFE,1
832.6825730502605,811.600031432514,MIN,SAFE,1
732.6825730502605,511.60003143251413,MIN,SAFE,1
932.6825730502605,67.15558698806967,MIN,SAFE,1
570.1825730502605,667.1555869880696,MIN,SAFE,1
770.1825730502605,367.1555869880696,MIN,SAFE,1
670.1825730502605,267.15558698806973,MIN,SAFE,1
870.1825730502605,867.1555869880697,MIN,SAFE,1
620.1825730502605,567.1555869880698,MIN,SAFE,1
820.1825730502605,167.15558698806973,MIN,SAFE,1
720.1825730502605,767.1555869880697,MIN,SAFE,1
920.1825730502605,467.1555869880696,MIN,SAFE,1
595.1825730502605,133.82225365473641,MIN,SAFE,1
795.1825730502605,733.8222536547364,MIN,SAFE,1
695.1825730502605,433.8222536547363,MIN,SAFE,1
124.67055302113295,40.404719878749916,MAJ,SAFE,2
374.67055302113295,373.7380532120834,MAJ,SAFE,2
249.67055302113295,929.293608767639,MAJ,SAFE,2
499.67055302113295,151.51583098986106,MAJ,SAFE,2
999.670553021133,818.1824976565277,MAJ,SAFE,2
0.402974896132946,484.8491643231945,MAJ,SAFE,2
500.40297489613295,28.059040866404246,MAJ,SAFE,2
250.40297489613295,694.725707533071,MAJ,SAFE,2
125.40297489613295,250.28126308862653,MAJ,SAFE,2
375.40297489613295,583.61459642196,MAJ,SAFE,2
62.902974896132946,805.8368186441821,MAJ,SAFE,2
312.90297489613295,102.13311494047838,MAJ,SAFE,2
187.90297489613295,435.46644827381175,MAJ,SAFE,2
437.90297489613295,991.0220038293673,MAJ,SAFE,2
31.652974896132946,213.2442260515894,MAJ,SAFE,2
531.652974896133,879.9108927182562,MAJ,SAFE,2
281.65297489613295,546.5775593849229,MAJ,SAFE,2
156.65297489613295,731.7627445701081,MAJ,SAFE,2
406.65297489613295,287.31830012566365,MAJ,SAFE,2
906.652974896133,953.9849667923302,MAJ,SAFE,2
94.15297489613295,620.651633458997,MAJ,SAFE,2
344.15297489613295,842.8738556812191,MAJ,SAFE,2
219.15297489613295,15.713361854058576,MAJ,SAFE,2
469.15297489613295,349.046695187392,MAJ,SAFE,2
969.152974896133,237.9355840762808,MAJ,SAFE,2
16.027974896132946,904.6022507429477,MAJ,SAFE,2
516.027974896133,571.2689174096143,MAJ,SAFE,2
266.02797489613295,126.82447296516966,MAJ,SAFE,2
141.02797489613295,460.1578062985031,MAJ,SAFE,2
391.02797489613295,756.4541025947995,MAJ,SAFE,2
78.52797489613295,312.009658150355,MAJ,SAFE,2
578.527974896133,978.6763248170216,MAJ,SAFE,2
328.52797489613295,645.3429914836884,MAJ,SAFE,2
203.52797489613295,867.5652137059104,MAJ,SAFE,2
453.52797489613295,52.75039889109564,MAJ,SAFE,2
953.527974896133,719.4170655577625,MAJ,SAFE,2
47.277974896132946,386.083732224429,MAJ,SAFE,2
547.277974896133,274.9726211133179,MAJ,SAFE,2
297.27797489613295,941.6392877799847,MAJ,SAFE,2
172.27797489613295,163.86151000220673,MAJ,SAFE,2
422.27797489613295,497.19484333554016,MAJ,SAFE,2
922.277974896133,11.598135516610057,MAJ,SAFE,2
109.77797489613295,678.2648021832767,MAJ,SAFE,2
359.77797489613295,233.82035773883223,MAJ,SAFE,2
234.77797489613295,567.1536910721658,MAJ,SAFE,2
484.77797489613295,789.3759132943878,MAJ,SAFE,2
984.777974896133,456.04257996105457,MAJ,SAFE,2
8.215474896132946,85.67220959068413,MAJ,SAFE,2
508.21547489613295,752.3388762573509,MAJ,SAFE,2
258.21547489613295,419.0055429240175,MAJ,SAFE,2
133.21547489613295,974.561098479573,MAJ,SAFE,2
383.21547489613295,196.78332070179516,MAJ,SAFE,2
70.71547489613295,530.1166540351286,MAJ,SAFE,2
570.715474896133,48.63517255364707,MAJ,SAFE,2
320.71547489613295,715.3018392203139,MAJ,SAFE,2
195.71547489613295,270.8573947758694,MAJ,SAFE,2
445.71547489613295,604.1907281092027,MAJ,SAFE,2
39.465474896132946,826.4129503314248,MAJ,SAFE,2
539.465474896133,493.0796169980916,MAJ,SAFE,2
289.46547489613295,36.2894935413014,MAJ,SAFE,2
164.46547489613295,369.6228268746348,MAJ,SAFE,2
414.46547489613295,925.1783824301904,MAJ,SAFE,2
101.96547489613295,147.40060465241243,MAJ,SAFE,2
351.96547489613295,480.7339379857459,MAJ,SAFE,2
226.96547489613295,777.0302342820422,MAJ,SAFE,2
476.96547489613295,332.58578983759776,MAJ,SAFE,2
976.965474896133,999.2524565042645,MAJ,SAFE,2
23.840474896132946,665.9191231709311,MAJ,SAFE,2
523.840474896133,221.4746787264865,MAJ,SAFE,2
273.84047489613295,888.1413453931532,MAJ,SAFE,2
148.84047489613295,73.3265305783384,MAJ,SAFE,2
398.84047489613295,406.6598639116719,MAJ,SAFE,2
86.34047489613295,962.2154194672273,MAJ,SAFE,2
336.34047489613295,184.43764168944955,MAJ,SAFE,2
211.34047489613295,517.770975022783,MAJ,SAFE,2
711.340474896133,23.943814528955727,MAJ,SAFE,2
461.34047489613295,690.6104811956225,MAJ,SAFE,2
961.340474896133,357.27714786228916,MAJ,SAFE,2
55.090474896132946,246.16603675117787,MAJ,SAFE,2
305.09047489613295,579.4993700845115,MAJ,SAFE,2
180.09047489613295,801.7215923067336,MAJ,SAFE,2
430.09047489613295,98.0178886030298,MAJ,SAFE,2
117.59047489613295,431.35122193636323,MAJ,SAFE,2
367.59047489613295,986.9067774919187,MAJ,SAFE,2
242.59047489613295,209.1289997141409,MAJ,SAFE,2
492.59047489613295,542.4623330474743,MAJ,SAFE,2
992.590474896133,60.98085156599274,MAJ,SAFE,2
4.309224896132946,727.6475182326596,MAJ,SAFE,2
504.30922489613295,394.31418489932616,MAJ,SAFE,2
254.30922489613295,283.2030737882151,MAJ,SAFE,2
129.30922489613295,616.5364071215485,MAJ,SAFE,2
379.30922489613295,838.7586293437705,MAJ,SAFE,2
66.80922489613295,7.4829091791614815,MAJ,SAFE,2
316.80922489613295,340.8162425124949,MAJ,SAFE,2
191.80922489613295,896.3717980680505,MAJ,SAFE,2
441.80922489613295,118.59402029027262,MAJ,SAFE,2
35.559224896132946,451.927353623606,MAJ,SAFE,2
535.559224896133,81.55698325323556,MAJ,SAFE,2
285.55922489613295,748.2236499199023,MAJ,SAFE,2
160.55922489613295,303.77920547545784,MAJ,SAFE,2
660.559224896133,970.4458721421245,MAJ,SAFE,2
410.55922489613295,637.1125388087912,MAJ,SAFE,2
98.05922489613295,859.3347610310134,MAJ,SAFE,2
348.05922489613295,44.51994621619855,MAJ,SAFE,2
223.05922489613295,377.8532795495319,MAJ,SAFE,2
473.05922489613295,933.4088351050874,MAJ,SAFE,2
973.059224896133,600.0755017717541,MAJ,SAFE,2
19.934224896132946,155.63105732730963,MAJ,SAFE,2
519.934224896133,822.2977239939762,MAJ,SAFE,2
269.93422489613295,488.964390660643,MAJ,SAFE,2
769.934224896133,32.17426720385288,MAJ,SAFE,2
144.93422489613295,698.8409338705196,MAJ,SAFE,2
394.93422489613295,254.39648942607514,MAJ,SAFE,2
82.43422489613295,587.7298227594085,MAJ,SAFE,2
332.43422489613295,809.9520449816307,MAJ,SAFE,2
207.43422489613295,106.24834127792695,MAJ,SAFE,2
457.43422489613295,439.58167461126027,MAJ,SAFE,2
957.434224896133,328.4705635001492,MAJ,SAFE,2
51.184224896132946,995.1372301668159,MAJ,SAFE,2
301.18422489613295,217.35945238903798,MAJ,SAFE,2
176.18422489613295,550.6927857223715,MAJ,SAFE,2
426.18422489613295,735.8779709075567,MAJ,SAFE,2
113.68422489613295,291.4335264631121,MAJ,SAFE,2
613.684224896133,958.1001931297787,MAJ,SAFE,2
363.68422489613295,624.7668597964455,MAJ,SAFE,2
238.68422489613295,846.9890820186677,MAJ,SAFE,2
488.68422489613295,19.82858819150715,MAJ,SAFE,2
988.684224896133,686.4952548581739,MAJ,SAFE,2
12.121724896132946,353.1619215248405,MAJ,SAFE,2
512.121724896133,242.05081041372932,MAJ,SAFE,2
262.12172489613295,908.7174770803962,MAJ,SAFE,2
137.12172489613295,130.9396993026183,MAJ,SAFE,2
387.12172489613295,464.27303263595167,MAJ,SAFE,2
74.62172489613295,760.569328932248,MAJ,SAFE,2
324.62172489613295,316.1248844878035,MAJ,SAFE,2
824.621724896133,982.7915511544702,MAJ,SAFE,2
199.62172489613295,649.4582178211369,MAJ,SAFE,2
449.62172489613295,871.680440043359,MAJ,SAFE,2
43.371724896132946,56.86562522854422,MAJ,SAFE,2
543.371724896133,723.5322918952111,MAJ,SAFE,2
293.37172489613295,390.1989585618776,MAJ,SAFE,2
168.37172489613295,945.7545141174332,MAJ,SAFE,2
418.37172489613295,167.97673633965525,MAJ,SAFE,2
105.87172489613295,501.31006967298873,MAJ,SAFE,2
605.871724896133,1.9959407292300853,MAJ,SAFE,2
355.87172489613295,668.6626073958968,MAJ,SAFE,2
230.87172489613295,224.21816295145226,MAJ,SAFE,2
480.87172489613295,557.5514962847857,MAJ,SAFE,2
980.871724896133,113.10705184034123,MAJ,SAFE,2
27.746724896132946,779.7737185070079,MAJ,SAFE,2
527.746724896133,446.4403851736746,MAJ,SAFE,2
277.74672489613295,76.07001480330416,MAJ,SAFE,2
152.74672489613295,409.40334813663753,MAJ,SAFE,2
402.74672489613295,964.9589036921931,MAJ,SAFE,2
90.24672489613295,187.18112591441525,MAJ,SAFE,2
340.24672489613295,520.5144592477486,MAJ,SAFE,2
840.246724896133,39.03297776626715,MAJ,SAFE,2
215.24672489613295,705.6996444329338,MAJ,SAFE,2
465.24672489613295,261.2551999884894,MAJ,SAFE,2
965.246724896133,927.921866655156,MAJ,SAFE,2
58.996724896132946,594.5885333218228,MAJ,SAFE,2
308.99672489613295,816.8107555440448,MAJ,SAFE,2
183.99672489613295,26.687298753921425,MAJ,SAFE,2
433.99672489613295,360.02063208725485,MAJ,SAFE,2
121.49672489613295,915.5761876428103,MAJ,SAFE,2
371.49672489613295,137.79840986503257,MAJ,SAFE,2
246.49672489613295,471.13174319836594,MAJ,SAFE,2
496.49672489613295,767.4280394946622,MAJ,SAFE,2
996.496724896133,434.0947061613289,MAJ,SAFE,2
2.356099896132946,322.9835950502178,MAJ,SAFE,2
502.35609989613295,989.6502617168844,MAJ,SAFE,2
252.35609989613295,656.3169283835512,MAJ,SAFE,2
127.35609989613295,878.5391506057733,MAJ,SAFE,2
377.35609989613295,63.72433579095849,MAJ,SAFE,2
64.85609989613295,397.05766912429186,MAJ,SAFE,2
314.85609989613295,952.6132246798473,MAJ,SAFE,2
189.85609989613295,174.83544690206952,MAJ,SAFE,2
439.85609989613295,508.168780235403,MAJ,SAFE,2
939.856099896133,14.341619741575755,MAJ,SAFE,2
33.606099896132946,681.0082864082424,MAJ,SAFE,2
533.606099896133,347.6749530749091,MAJ,SAFE,2
283.60609989613295,236.56384196379798,MAJ,SAFE,2
158.60609989613295,569.8971752971315,MAJ,SAFE,2
408.60609989613295,792.1193975193536,MAJ,SAFE,2
96.10609989613295,88.41569381564983,MAJ,SAFE,2
346.10609989613295,421.7490271489832,MAJ,SAFE,2
221.10609989613295,977.3045827045387,MAJ,SAFE,2
471.10609989613295,199.52680492676092,MAJ,SAFE,2
971.106099896133,866.1934715934276,MAJ,SAFE,2
17.981099896132946,532.8601382600942,MAJ,SAFE,2
517.981099896133,51.37865677861282,MAJ,SAFE,2
267.98109989613295,718.0453234452796,MAJ,SAFE,2
142.98109989613295,273.6008790008351,MAJ,SAFE,2
392.98109989613295,606.9342123341685,MAJ,SAFE,2
80.48109989613295,829.1564345563905,MAJ,SAFE,2
330.48109989613295,10.22639340412718,MAJ,SAFE,2
205.48109989613295,343.5597267374606,MAJ,SAFE,2
455.48109989613295,899.1152822930161,MAJ,SAFE,2
955.481099896133,565.7819489596828,MAJ,SAFE,2
49.231099896132946,121.33750451523827,MAJ,SAFE,2
549.231099896133,788.0041711819049,MAJ,SAFE,2
299.23109989613295,454.6708378485717,MAJ,SAFE,2
174.23109989613295,750.9671341448679,MAJ,SAFE,2
424.23109989613295,306.5226897004236,MAJ,SAFE,2
924.231099896133,973.1893563670901,MAJ,SAFE,2
111.73109989613295,639.8560230337569,MAJ,SAFE,2
361.73109989613295,862.078245255979,MAJ,SAFE,2
236.73109989613295,47.26343044116419,MAJ,SAFE,2
486.73109989613295,380.5967637744976,MAJ,SAFE,2
986.731099896133,269.48565266338653,MAJ,SAFE,2
10.168599896132946,936.152319330053,MAJ,SAFE,2
510.16859989613295,602.8189859967198,MAJ,SAFE,2
260.16859989613295,158.37454155227533,MAJ,SAFE,2
135.16859989613295,491.70787488560876,MAJ,SAFE,2
635.168599896133,34.91775142881852,MAJ,SAFE,2
385.16859989613295,701.5844180954853,MAJ,SAFE,2
72.66859989613295,257.13997365104086,MAJ,SAFE,2
322.66859989613295,590.4733069843742,MAJ,SAFE,2
197.66859989613295,812.6955292065963,MAJ,SAFE,2
447.66859989613295,108.99182550289265,MAJ,SAFE,2
41.418599896132946,442.325158836226,MAJ,SAFE,2
541.418599896133,331.21404772511494,MAJ,SAFE,2
291.41859989613295,997.8807143917816,MAJ,SAFE,2
166.41859989613295,220.10293661400368,MAJ,SAFE,2
416.41859989613295,553.4362699473371,MAJ,SAFE,2
103.91859989613295,738.6214551325223,MAJ,SAFE,2
353.91859989613295,294.17701068807787,MAJ,SAFE,2
853.918599896133,960.8436773547444,MAJ,SAFE,2
228.91859989613295,627.5103440214111,MAJ,SAFE,2
478.91859989613295,849.7325662436333,MAJ,SAFE,2
978.918599896133,516.3992329103,MAJ,SAFE,2
25.793599896132946,22.57207241647285,MAJ,SAFE,2
525.793599896133,689.2387390831395,MAJ,SAFE,2
275.79359989613295,355.9054057498063,MAJ,SAFE,2
150.79359989613295,911.4609613053618,MAJ,SAFE,2
400.79359989613295,133.68318352758394,MAJ,SAFE,2
88.29359989613295,467.01651686091736,MAJ,SAFE,2
338.29359989613295,763.3128131572137,MAJ,SAFE,2
213.29359989613295,318.8683687127692,MAJ,SAFE,2
713.293599896133,985.5350353794358,MAJ,SAFE,2
463.29359989613295,652.2017020461025,MAJ,SAFE,2
963.293599896133,207.757257601658,MAJ,SAFE,2
57.043599896132946,874.4239242683245,MAJ,SAFE,2
307.04359989613295,59.609109453509916,MAJ,SAFE,2
182.04359989613295,392.94244278684334,MAJ,SAFE,2
432.04359989613295,948.4979983423988,MAJ,SAFE,2
119.54359989613295,170.720220564621,MAJ,SAFE,2
369.54359989613295,504.0535538979544,MAJ,SAFE,2
869.543599896133,6.111167066678661,MAJ,SAFE,2
244.54359989613295,672.7778337333453,MAJ,SAFE,2
494.54359989613295,228.33338928890083,MAJ,SAFE,2
994.543599896133,895.0000559555675,MAJ,SAFE,2
6.262349896132946,561.6667226222343,MAJ,SAFE,2
506.26234989613295,117.22227817778975,MAJ,SAFE,2
256.26234989613295,783.8889448444563,MAJ,SAFE,2
131.26234989613295,80.18524114075268,MAJ,SAFE,2
381.26234989613295,413.5185744740861,MAJ,SAFE,2
68.76234989613295,969.0741300296415,MAJ,SAFE,2
318.76234989613295,191.29635225186382,MAJ,SAFE,2
193.76234989613295,524.6296855851972,MAJ,SAFE,2
693.762349896133,43.14820410371567,MAJ,SAFE,2
443.76234989613295,709.8148707703824,MAJ,SAFE,2
37.512349896132946,265.37042632593796,MAJ,SAFE,2
537.512349896133,932.0370929926046,MAJ,SAFE,2
287.51234989613295,598.7037596592712,MAJ,SAFE,2
162.51234989613295,820.9259818814933,MAJ,SAFE,2
412.51234989613295,30.80252509137,MAJ,SAFE,2
100.01234989613295,364.1358584247034,MAJ,SAFE,2
350.01234989613295,919.6914139802589,MAJ,SAFE,2
225.01234989613295,141.9136362024811,MAJ,SAFE,2
475.01234989613295,475.24696953581446,MAJ,SAFE,2
975.012349896133,104.87659916544408,MAJ,SAFE,2
21.887349896132946,771.5432658321108,MAJ,SAFE,2
521.887349896133,438.20993249877745,MAJ,SAFE,2
271.88734989613295,327.09882138766636,MAJ,SAFE,2
771.887349896133,993.765488054333,MAJ,SAFE,2
146.88734989613295,660.4321547209997,MAJ,SAFE,2
396.88734989613295,882.6543769432218,MAJ,SAFE,2
84.38734989613295,67.83956212840701,MAJ,SAFE,2
334.38734989613295,401.1728954617404,MAJ,SAFE,2
209.38734989613295,956.7284510172958,MAJ,SAFE,2
459.38734989613295,178.95067323951815,MAJ,SAFE,2
959.387349896133,845.6173399061847,MAJ,SAFE,2
53.137349896132946,512.2840065728516,MAJ,SAFE,2
553.137349896133,18.45684607902433,MAJ,SAFE,2
303.13734989613295,685.123512745691,MAJ,SAFE,2
178.13734989613295,240.6790683012465,MAJ,SAFE,2
428.13734989613295,574.01240163458,MAJ,SAFE,2
115.63734989613295,796.234623856802,MAJ,SAFE,2
365.63734989613295,92.5309201530984,MAJ,SAFE,2
240.63734989613295,425.8642534864317,MAJ,SAFE,2
490.63734989613295,981.4198090419873,MAJ,SAFE,2
990.637349896133,648.086475708654,MAJ,SAFE,2
14.074849896132946,203.6420312642095,MAJ,SAFE,2
514.074849896133,870.3086979308761,MAJ,SAFE,2
264.07484989613295,536.9753645975428,MAJ,SAFE,2
139.07484989613295,722.1605497827281,MAJ,SAFE,2
389.07484989613295,277.7161053382836,MAJ,SAFE,2
76.57484989613295,611.0494386716169,MAJ,SAFE,2
326.57484989613295,833.2716608938391,MAJ,SAFE,2
201.57484989613295,0.11614598249434493,MAJ,SAFE,2
451.57484989613295,333.4494793158277,MAJ,SAFE,2
951.574849896133,222.33836820471652,MAJ,SAFE,2
45.324849896132946,889.0050348713831,MAJ,SAFE,2
545.324849896133,555.6717015380499,MAJ,SAFE,2
295.32484989613295,111.22725709360543,MAJ,SAFE,2
170.32484989613295,444.5605904269388,MAJ,SAFE,2
420.32484989613295,740.856886723235,MAJ,SAFE,2
107.82484989613295,296.41244227879065,MAJ,SAFE,2
607.824849896133,963.0791089454572,MAJ,SAFE,2
357.82484989613295,629.7457756121239,MAJ,SAFE,2
232.82484989613295,851.9679978343461,MAJ,SAFE,2
482.82484989613295,37.153183019531355,MAJ,SAFE,2
982.824849896133,703.819849686198,MAJ,SAFE,2
29.699849896132946,370.4865163528647,MAJ,SAFE,2
529.699849896133,259.3754052417536,MAJ,SAFE,2
279.69984989613295,926.0420719084202,MAJ,SAFE,2
154.69984989613295,148.26429413064244,MAJ,SAFE,2
404.69984989613295,481.5976274639758,MAJ,SAFE,2
904.699849896133,24.807504007185685,MAJ,SAFE,2
92.19984989613295,691.4741706738523,MAJ,SAFE,2
342.19984989613295,247.02972622940788,MAJ,SAFE,2
217.19984989613295,580.3630595627412,MAJ,SAFE,2
467.19984989613295,802.5852817849634,MAJ,SAFE,2
967.199849896133,469.25194845163014,MAJ,SAFE,2
60.949849896132946,98.88157808125976,MAJ,SAFE,2
310.94984989613295,432.21491141459313,MAJ,SAFE,2
185.94984989613295,987.7704669701486,MAJ,SAFE,2
435.94984989613295,209.99268919237085,MAJ,SAFE,2
123.44984989613295,543.3260225257042,MAJ,SAFE,2
373.44984989613295,728.5112077108894,MAJ,SAFE,2
248.44984989613295,284.066763266445,MAJ,SAFE,2
748.449849896133,950.7334299331114,MAJ,SAFE,2
498.44984989613295,617.4000965997782,MAJ,SAFE,2
998.449849896133,172.95565215533384,MAJ,SAFE,2
1.379537396132946,839.6223188220004,MAJ,SAFE,2
501.37953739613295,506.2889854886672,MAJ,SAFE,2
251.37953739613295,12.461824994840015,MAJ,SAFE,2
126.37953739613295,345.79515832817333,MAJ,SAFE,2
376.37953739613295,901.3507138837289,MAJ,SAFE,2
63.879537396132946,123.5729361059511,MAJ,SAFE,2
313.87953739613295,456.9062694392845,MAJ,SAFE,2
188.87953739613295,753.2025657355807,MAJ,SAFE,2
438.87953739613295,308.7581212911363,MAJ,SAFE,2
938.879537396133,975.4247879578029,MAJ,SAFE,2
32.629537396132946,642.0914546244696,MAJ,SAFE,2
532.629537396133,197.64701018002518,MAJ,SAFE,2
282.62953739613295,864.3136768466917,MAJ,SAFE,2
157.62953739613295,49.498862031877024,MAJ,SAFE,2
407.62953739613295,382.8321953652104,MAJ,SAFE,2
95.12953739613295,938.3877509207659,MAJ,SAFE,2
345.12953739613295,160.6099731429881,MAJ,SAFE,2
220.12953739613295,493.9433064763215,MAJ,SAFE,2
720.129537396133,8.34659865739144,MAJ,SAFE,2
470.12953739613295,675.013265324058,MAJ,SAFE,2
970.129537396133,341.67993199072487,MAJ,SAFE,2
17.004537396132946,230.5688208796136,MAJ,SAFE,2
517.004537396133,897.2354875462802,MAJ,SAFE,2
267.00453739613295,563.9021542129469,MAJ,SAFE,2
142.00453739613295,786.1243764351691,MAJ,SAFE,2
392.00453739613295,82.42067273146552,MAJ,SAFE,2
79.50453739613295,415.7540060647989,MAJ,SAFE,2
329.50453739613295,971.3095616203543,MAJ,SAFE,2
204.50453739613295,193.53178384257666,MAJ,SAFE,2
454.50453739613295,526.8651171759099,MAJ,SAFE,2
954.504537396133,45.38363569442845,MAJ,SAFE,2
48.254537396132946,712.0503023610952,MAJ,SAFE,2
548.254537396133,378.7169690277619,MAJ,SAFE,2
298.25453739613295,267.60585791665073,MAJ,SAFE,2
173.25453739613295,600.939191249984,MAJ,SAFE,2
423.25453739613295,823.161413472206,MAJ,SAFE,2
110.75453739613295,33.03795668208278,MAJ,SAFE,2
360.75453739613295,366.3712900154162,MAJ,SAFE,2
235.75453739613295,921.9268455709716,MAJ,SAFE,2
485.75453739613295,144.14906779319392,MAJ,SAFE,2
985.754537396133,810.8157344598604,MAJ,SAFE,2
9.192037396132946,477.4824011265273,MAJ,SAFE,2
509.19203739613295,107.11203075615691,MAJ,SAFE,2
259.19203739613295,773.7786974228235,MAJ,SAFE,2
134.19203739613295,329.33425297837914,MAJ,SAFE,2
634.192037396133,996.0009196450457,MAJ,SAFE,2
384.19203739613295,662.6675863117124,MAJ,SAFE,2
71.69203739613295,884.8898085339345,MAJ,SAFE,2
321.69203739613295,70.07499371911985,MAJ,SAFE,2
196.69203739613295,403.4083270524532,MAJ,SAFE,2
446.69203739613295,958.9638826080086,MAJ,SAFE,2
40.442037396132946,181.18610483023087,MAJ,SAFE,2
540.442037396133,847.8527714968974,MAJ,SAFE,2
290.44203739613295,514.5194381635642,MAJ,SAFE,2
790.442037396133,20.69227766973711,MAJ,SAFE,2
165.44203739613295,687.3589443364036,MAJ,SAFE,2
415.44203739613295,242.91449989195934,MAJ,SAFE,2
102.94203739613295,576.2478332252927,MAJ,SAFE,2
352.94203739613295,798.4700554475148,MAJ,SAFE,2
227.94203739613295,94.76635174381119,MAJ,SAFE,2
477.94203739613295,428.09968507714456,MAJ,SAFE,2
977.942037396133,316.98857396603347,MAJ,SAFE,2
24.817037396132946,983.6552406326999,MAJ,SAFE,2
524.817037396133,650.3219072993667,MAJ,SAFE,2
274.81703739613295,205.87746285492227,MAJ,SAFE,2
149.81703739613295,539.2107961882555,MAJ,SAFE,2
399.81703739613295,724.3959813734409,MAJ,SAFE,2
87.31703739613295,279.95153692899646,MAJ,SAFE,2
337.31703739613295,613.2848702623297,MAJ,SAFE,2
212.31703739613295,835.5070924845518,MAJ,SAFE,2
462.31703739613295,4.231372319942864,MAJ,SAFE,2
962.317037396133,670.8980389866094,MAJ,SAFE,2
56.067037396132946,337.56470565327623,MAJ,SAFE,2
306.06703739613295,893.1202612088317,MAJ,SAFE,2
181.06703739613295,115.34248343105395,MAJ,SAFE,2
431.06703739613295,448.6758167643873,MAJ,SAFE,2
118.56703739613295,744.9721130606836,MAJ,SAFE,2
368.56703739613295,300.5276686162392,MAJ,SAFE,2
868.567037396133,967.1943352829057,MAJ,SAFE,2
243.56703739613295,633.8610019495725,MAJ,SAFE,2
493.56703739613295,856.0832241717947,MAJ,SAFE,2
993.567037396133,522.7498908384614,MAJ,SAFE,2
5.285787396132946,41.26840935697987,MAJ,SAFE,2
505.28578739613295,707.9350760236466,MAJ,SAFE,2
255.28578739613295,374.60174269031324,MAJ,SAFE,2
130.28578739613295,930.1572982458687,MAJ,SAFE,2
380.28578739613295,152.37952046809102,MAJ,SAFE,2
67.78578739613295,485.7128538014244,MAJ,SAFE,2
567.785787396133,28.922730344634203,MAJ,SAFE,2
317.78578739613295,695.5893970113009,MAJ,SAFE,2
192.78578739613295,251.1449525668565,MAJ,SAFE,2
442.78578739613295,584.4782859001898,MAJ,SAFE,2
36.535787396132946,806.700508122412,MAJ,SAFE,2
536.535787396133,473.3671747890787,MAJ,SAFE,2
286.53578739613295,102.99680441870828,MAJ,SAFE,2
161.53578739613295,436.33013775204165,MAJ,SAFE,2
411.53578739613295,991.8856933075972,MAJ,SAFE,2
99.03578739613295,214.10791552981942,MAJ,SAFE,2
349.03578739613295,547.4412488631527,MAJ,SAFE,2
224.03578739613295,732.626434048338,MAJ,SAFE,2
474.03578739613295,288.1819896038935,MAJ,SAFE,2
974.035787396133,954.84865627056,MAJ,SAFE,2
20.910787396132946,621.5153229372268,MAJ,SAFE,2
520.910787396133,177.07087849278236,MAJ,SAFE,2
270.91078739613295,843.7375451594489,MAJ,SAFE,2
145.91078739613295,16.577051332288534,MAJ,SAFE,2
395.91078739613295,349.9103846656219,MAJ,SAFE,2
83.41078739613295,905.4659402211774,MAJ,SAFE,2
333.41078739613295,127.68816244339962,MAJ,SAFE,2
208.41078739613295,461.021495776733,MAJ,SAFE,2
458.41078739613295,757.3177920730293,MAJ,SAFE,2
958.410787396133,423.984458739696,MAJ,SAFE,2
52.160787396132946,312.87334762858484,MAJ,SAFE,2
552.160787396133,979.5400142952515,MAJ,SAFE,2
302.16078739613295,646.2066809619181,MAJ,SAFE,2
177.16078739613295,868.4289031841402,MAJ,SAFE,2
427.16078739613295,53.6140883693256,MAJ,SAFE,2
114.66078739613295,386.94742170265897,MAJ,SAFE,2
364.66078739613295,942.5029772582144,MAJ,SAFE,2
239.66078739613295,164.72519948043674,MAJ,SAFE,2
489.66078739613295,498.05853281377006,MAJ,SAFE,2
989.660787396133,2.859630207459986,MAJ,SAFE,2
13.098287396132946,669.5262968741267,MAJ,SAFE,2
513.098287396133,336.1929635407934,MAJ,SAFE,2
263.09828739613295,225.08185242968227,MAJ,SAFE,2
138.09828739613295,558.4151857630156,MAJ,SAFE,2
388.09828739613295,780.6374079852378,MAJ,SAFE,2
75.59828739613295,76.93370428153412,MAJ,SAFE,2
325.59828739613295,410.2670376148675,MAJ,SAFE,2
200.59828739613295,965.822593170423,MAJ,SAFE,2
450.59828739613295,188.04481539264515,MAJ,SAFE,2
950.598287396133,854.7114820593117,MAJ,SAFE,2
44.348287396132946,521.3781487259786,MAJ,SAFE,2
544.348287396133,39.89666724449705,MAJ,SAFE,2
294.34828739613295,706.5633339111638,MAJ,SAFE,2
169.34828739613295,262.11888946671934,MAJ,SAFE,2
419.34828739613295,595.4522228000526,MAJ,SAFE,2
106.84828739613295,817.6744450222748,MAJ,SAFE,2
356.84828739613295,27.550988232151383,MAJ,SAFE,2
231.84828739613295,360.8843215654848,MAJ,SAFE,2
481.84828739613295,916.4398771210402,MAJ,SAFE,2
981.848287396133,583.106543787707,MAJ,SAFE,2
28.723287396132946,138.66209934326247,MAJ,SAFE,2
528.723287396133,805.328766009929,MAJ,SAFE,2
278.72328739613295,471.9954326765959,MAJ,SAFE,2
153.72328739613295,768.2917289728921,MAJ,SAFE,2
403.72328739613295,323.84728452844774,MAJ,SAFE,2
903.723287396133,990.5139511951143,MAJ,SAFE,2
91.22328739613295,657.180617861781,MAJ,SAFE,2
341.22328739613295,879.4028400840032,MAJ,SAFE,2
216.22328739613295,64.58802526918839,MAJ,SAFE,2
466.22328739613295,397.9213586025218,MAJ,SAFE,2
966.223287396133,286.8102474914107,MAJ,SAFE,2
59.973287396132946,953.4769141580773,MAJ,SAFE,2
309.97328739613295,175.69913638029954,MAJ,SAFE,2
184.97328739613295,509.0324697136329,MAJ,SAFE,2
684.973287396133,15.205309219805656,MAJ,SAFE,2
434.97328739613295,681.8719758864723,MAJ,SAFE,2
122.47328739613295,237.42753144202788,MAJ,SAFE,2
372.47328739613295,570.7608647753614,MAJ,SAFE,2
247.47328739613295,792.9830869975835,MAJ,SAFE,2
497.47328739613295,89.27938329387973,MAJ,SAFE,2
997.473287396133,755.9460499605465,MAJ,SAFE,2
3.332662396132946,422.61271662721316,MAJ,SAFE,2
503.33266239613295,311.5016055161021,MAJ,SAFE,2
253.33266239613295,978.1682721827685,MAJ,SAFE,2
128.33266239613295,200.39049440499093,MAJ,SAFE,2
378.33266239613295,533.7238277383242,MAJ,SAFE,2
65.83266239613295,718.9090129235095,MAJ,SAFE,2
315.83266239613295,274.46456847906506,MAJ,SAFE,2
190.83266239613295,607.7979018123983,MAJ,SAFE,2
440.83266239613295,830.0201240346205,MAJ,SAFE,2
34.582662396132946,11.090082882357137,MAJ,SAFE,2
534.582662396133,677.7567495490238,MAJ,SAFE,2
284.58266239613295,344.42341621569057,MAJ,SAFE,2
159.58266239613295,899.978971771246,MAJ,SAFE,2
409.58266239613295,122.20119399346822,MAJ,SAFE,2
97.08266239613295,455.53452732680165,MAJ,SAFE,2
347.08266239613295,751.8308236230978,MAJ,SAFE,2
222.08266239613295,307.38637917865356,MAJ,SAFE,2
722.082662396133,974.0530458453201,MAJ,SAFE,2
472.08266239613295,640.7197125119868,MAJ,SAFE,2
972.082662396133,196.2752680675423,MAJ,SAFE,2
18.957662396132946,862.9419347342089,MAJ,SAFE,2
518.957662396133,529.6086014008756,MAJ,SAFE,2
268.95766239613295,48.12711991939415,MAJ,SAFE,2
143.95766239613295,381.4604532527276,MAJ,SAFE,2
393.95766239613295,937.016008808283,MAJ,SAFE,2
81.45766239613295,159.2382310305053,MAJ,SAFE,2
331.45766239613295,492.5715643638387,MAJ,SAFE,2
831.457662396133,35.78144090704848,MAJ,SAFE,2
206.45766239613295,702.4481075737151,MAJ,SAFE,2
456.45766239613295,258.0036631292708,MAJ,SAFE,2
956.457662396133,924.6703297959373,MAJ,SAFE,2
50.207662396132946,591.336996462604,MAJ,SAFE,2
300.20766239613295,813.5592186848262,MAJ,SAFE,2
175.20766239613295,109.85551498112255,MAJ,SAFE,2
425.20766239613295,443.188848314456,MAJ,SAFE,2
112.70766239613295,998.7444038700114,MAJ,SAFE,2
362.70766239613295,220.96662609223364,MAJ,SAFE,2
237.70766239613295,554.299959425567,MAJ,SAFE,2
487.70766239613295,739.4851446107522,MAJ,SAFE,2
987.707662396133,406.1518112774189,MAJ,SAFE,2
11.145162396132946,295.04070016630783,MAJ,SAFE,2
511.14516239613295,961.7073668329742,MAJ,SAFE,2
261.14516239613295,628.3740334996411,MAJ,SAFE,2
136.14516239613295,850.5962557218631,MAJ,SAFE,2
386.14516239613295,23.435761894702807,MAJ,SAFE,2
73.64516239613295,356.76909522803624,MAJ,SAFE,2
323.64516239613295,912.3246507835918,MAJ,SAFE,2
198.64516239613295,134.5468730058139,MAJ,SAFE,2
448.64516239613295,467.8802063391473,MAJ,SAFE,2
42.395162396132946,764.1765026354435,MAJ,SAFE,2
542.395162396133,430.8431693021103,MAJ,SAFE,2
292.39516239613295,319.73205819099917,MAJ,SAFE,2
792.395162396133,986.3987248576657,MAJ,SAFE,2
167.39516239613295,653.0653915243324,MAJ,SAFE,2
417.39516239613295,875.2876137465545,MAJ,SAFE,2
104.89516239613295,60.472798931739874,MAJ,SAFE,2
354.89516239613295,393.8061322650733,MAJ,SAFE,2
229.89516239613295,949.3616878206287,MAJ,SAFE,2
479.89516239613295,171.58391004285096,MAJ,SAFE,2
979.895162396133,838.2505767095175,MAJ,SAFE,2
26.770162396132946,504.9172433761843,MAJ,SAFE,2
526.770162396133,6.974856544908619,MAJ,SAFE,2
276.77016239613295,673.6415232115752,MAJ,SAFE,2
151.77016239613295,229.1970787671308,MAJ,SAFE,2
401.77016239613295,562.5304121004642,MAJ,SAFE,2
89.27016239613295,784.7526343226863,MAJ,SAFE,2
339.27016239613295,81.04893061898264,MAJ,SAFE,2
214.27016239613295,414.38226395231607,MAJ,SAFE,2
464.27016239613295,969.9378195078715,MAJ,SAFE,2
964.270162396133,636.6044861745382,MAJ,SAFE,2
58.020162396132946,192.16004173009378,MAJ,SAFE,2
308.02016239613295,525.493375063427,MAJ,SAFE,2
808.020162396133,44.01189358194563,MAJ,SAFE,2
183.02016239613295,710.6785602486123,MAJ,SAFE,2
433.02016239613295,266.2341158041679,MAJ,SAFE,2
120.52016239613295,599.5674491375012,MAJ,SAFE,2
370.52016239613295,821.7896713597232,MAJ,SAFE,2
245.52016239613295,31.66621456959996,MAJ,SAFE,2
495.52016239613295,364.99954790293333,MAJ,SAFE,2
995.520162396133,253.88843679182222,MAJ,SAFE,2
7.238912396132946,920.5551034584888,MAJ,SAFE,2
507.23891239613295,587.2217701251556,MAJ,SAFE,2
257.23891239613295,142.77732568071104,MAJ,SAFE,2
132.23891239613295,476.1106590140444,MAJ,SAFE,2
382.23891239613295,772.4069553103407,MAJ,SAFE,2
69.73891239613295,327.9625108658963,MAJ,SAFE,2
569.738912396133,994.6291775325628,MAJ,SAFE,2
319.73891239613295,661.2958441992296,MAJ,SAFE,2
194.73891239613295,883.5180664214517,MAJ,SAFE,2
444.73891239613295,68.70325160663697,MAJ,SAFE,2
38.488912396132946,402.03658493997034,MAJ,SAFE,2
538.488912396133,290.92547382885925,MAJ,SAFE,2
288.48891239613295,957.5921404955258,MAJ,SAFE,2
163.48891239613295,179.8143627177481,MAJ,SAFE,2
413.48891239613295,513.1476960510814,MAJ,SAFE,2
913.488912396133,19.32053555725429,MAJ,SAFE,2
100.98891239613295,685.9872022239208,MAJ,SAFE,2
350.98891239613295,241.54275777947646,MAJ,SAFE,2
225.98891239613295,574.87609111281,MAJ,SAFE,2
475.98891239613295,797.098313335032,MAJ,SAFE,2
975.988912396133,463.76498000169875,MAJ,SAFE,2
22.863912396132946,93.39460963132836,MAJ,SAFE,2
522.863912396133,760.061276297995,MAJ,SAFE,2
272.86391239613295,426.7279429646617,MAJ,SAFE,2
147.86391239613295,982.2834985202171,MAJ,SAFE,2
397.86391239613295,204.50572074243945,MAJ,SAFE,2
85.36391239613295,537.8390540757728,MAJ,SAFE,2
335.36391239613295,723.024239260958,MAJ,SAFE,2
210.36391239613295,278.5797948165136,MAJ,SAFE,2
460.36391239613295,611.9131281498469,MAJ,SAFE,2
960.363912396133,167.46868370540238,MAJ,SAFE,2
54.113912396132946,834.135350372069,MAJ,SAFE,2
304.11391239613295,1.4878880949771656,MAJ,SAFE,2
179.11391239613295,334.82122142831054,MAJ,SAFE,2
429.11391239613295,890.376776983866,MAJ,SAFE,2
116.61391239613295,112.59899920608831,MAJ,SAFE,2
366.61391239613295,445.9323325394217,MAJ,SAFE,2
241.61391239613295,742.2286288357178,MAJ,SAFE,2
491.61391239613295,297.7841843912735,MAJ,SAFE,2
991.613912396133,964.4508510579401,MAJ,SAFE,2
15.051412396132946,631.1175177246068,MAJ,SAFE,2
515.051412396133,186.67307328016238,MAJ,SAFE,2
265.05141239613295,853.3397399468289,MAJ,SAFE,2
140.05141239613295,38.52492513201423,MAJ,SAFE,2
390.05141239613295,371.8582584653476,MAJ,SAFE,2
77.55141239613295,927.4138140209029,MAJ,SAFE,2
327.55141239613295,149.63603624312532,MAJ,SAFE,2
202.55141239613295,482.9693695764587,MAJ,SAFE,2
702.551412396133,26.179246119668562,MAJ,SAFE,2
452.55141239613295,692.8459127863351,MAJ,SAFE,2
952.551412396133,359.5125794530019,MAJ,SAFE,2
46.301412396132946,248.40146834189076,MAJ,SAFE,2
546.301412396133,915.0681350085573,MAJ,SAFE,2
296.30141239613295,581.734801675224,MAJ,SAFE,2
171.30141239613295,803.9570238974461,MAJ,SAFE,2
421.30141239613295,100.25332019374264,MAJ,SAFE,2
108.80141239613295,433.586653527076,MAJ,SAFE,2
358.80141239613295,989.1422090826313,MAJ,SAFE,2
233.80141239613295,211.36443130485372,MAJ,SAFE,2
483.80141239613295,544.697764638187,MAJ,SAFE,2
983.801412396133,63.21628315670557,MAJ,SAFE,2
30.676412396132946,729.8829498233722,MAJ,SAFE,2
530.676412396133,396.54961649003894,MAJ,SAFE,2
280.67641239613295,285.43850537892786,MAJ,SAFE,2
780.676412396133,952.1051720455944,MAJ,SAFE,2
155.67641239613295,618.771838712261,MAJ,SAFE,2
405.67641239613295,840.9940609344832,MAJ,SAFE,2
93.17641239613295,13.833567107322892,MAJ,SAFE,2
343.17641239613295,347.16690044065626,MAJ,SAFE,2
218.17641239613295,902.7224559962117,MAJ,SAFE,2
468.17641239613295,124.94467821843398,MAJ,SAFE,2
968.176412396133,791.6113448851006,MAJ,SAFE,2
61.926412396132946,458.27801155176735,MAJ,SAFE,2
311.92641239613295,754.5743078480635,MAJ,SAFE,2
186.92641239613295,310.1298634036192,MAJ,SAFE,2
686.926412396133,976.7965300702856,MAJ,SAFE,2
436.92641239613295,643.4631967369523,MAJ,SAFE,2
124.42641239613295,865.6854189591745,MAJ,SAFE,2
374.42641239613295,50.870604144359845,MAJ,SAFE,2
249.42641239613295,384.2039374776933,MAJ,SAFE,2
499.42641239613295,939.7594930332486,MAJ,SAFE,2
999.426412396133,606.4261596999154,MAJ,SAFE,2
0.891256146132946,161.981715255471,MAJ,SAFE,2
500.89125614613295,828.6483819221376,MAJ,SAFE,2
250.89125614613295,495.31504858880436,MAJ,SAFE,2
750.891256146133,9.71834076987426,MAJ,SAFE,2
125.89125614613295,676.3850074365408,MAJ,SAFE,2
375.89125614613295,231.94056299209655,MAJ,SAFE,2
63.391256146132946,565.2738963254297,MAJ,SAFE,2
313.39125614613295,787.4961185476519,MAJ,SAFE,2
188.39125614613295,83.7924148439484,MAJ,SAFE,2
438.39125614613295,417.12574817728176,MAJ,SAFE,2
32.141256146132946,972.6813037328371,MAJ,SAFE,2
532.141256146133,639.3479703995039,MAJ,SAFE,2
282.14125614613295,194.90352595505942,MAJ,SAFE,2
157.14125614613295,528.2368592883927,MAJ,SAFE,2
657.141256146133,46.755377806911326,MAJ,SAFE,2
407.14125614613295,713.4220444735779,MAJ,SAFE,2
94.64125614613295,268.9776000291336,MAJ,SAFE,2
344.64125614613295,602.3109333624668,MAJ,SAFE,2
219.64125614613295,824.5331555846889,MAJ,SAFE,2
469.64125614613295,34.4096987945656,MAJ,SAFE,2
969.641256146133,701.0763654612322,MAJ,SAFE,2
16.516256146132946,367.743032127899,MAJ,SAFE,2
516.516256146133,256.63192101678794,MAJ,SAFE,2
266.51625614613295,923.2985876834543,MAJ,SAFE,2
141.51625614613295,145.52080990567674,MAJ,SAFE,2
391.51625614613295,478.85414323901017,MAJ,SAFE,2
79.01625614613295,775.1504395353063,MAJ,SAFE,2
329.01625614613295,330.705995090862,MAJ,SAFE,2
829.016256146133,997.3726617575285,MAJ,SAFE,2
204.01625614613295,664.0393284241952,MAJ,SAFE,2
454.01625614613295,886.2615506464174,MAJ,SAFE,2
954.016256146133,552.928217313084,MAJ,SAFE,2
47.766256146132946,71.44673583160267,MAJ,SAFE,2
547.766256146133,738.1134024982694,MAJ,SAFE,2
297.76625614613295,404.7800691649361,MAJ,SAFE,2
172.76625614613295,960.3356247204914,MAJ,SAFE,2
422.76625614613295,182.5578469427138,MAJ,SAFE,2
110.26625614613295,515.8911802760471,MAJ,SAFE,2
610.266256146133,22.06401978221993,MAJ,SAFE,2
360.26625614613295,688.7306864488864,MAJ,SAFE,2
235.26625614613295,244.28624200444216,MAJ,SAFE,2
485.26625614613295,577.6195753377756,MAJ,SAFE,2
985.266256146133,133.17513089333113,MAJ,SAFE,2
8.703756146132946,799.8417975599976,MAJ,SAFE,2
508.70375614613295,466.5084642266645,MAJ,SAFE,2
258.70375614613295,96.138093856294,MAJ,SAFE,2
133.70375614613295,429.47142718962743,MAJ,SAFE,2
383.70375614613295,985.0269827451827,MAJ,SAFE,2
71.20375614613295,207.24920496740515,MAJ,SAFE,2
321.20375614613295,540.5825383007383,MAJ,SAFE,2
196.20375614613295,725.7677234859236,MAJ,SAFE,2
446.20375614613295,281.3232790414793,MAJ,SAFE,2
39.953756146132946,614.6566123748125,MAJ,SAFE,2
539.953756146133,170.21216793036808,MAJ,SAFE,2
289.95375614613295,836.8788345970346,MAJ,SAFE,2
164.95375614613295,5.603114432425741,MAJ,SAFE,2
414.95375614613295,338.9364477657591,MAJ,SAFE,2
102.45375614613295,894.4920033213145,MAJ,SAFE,2
352.45375614613295,116.71422554353683,MAJ,SAFE,2
227.45375614613295,450.0475588768702,MAJ,SAFE,2
477.45375614613295,746.3438551731664,MAJ,SAFE,2
977.453756146133,413.01052183983313,MAJ,SAFE,2
24.328756146132946,301.89941072872205,MAJ,SAFE,2
524.328756146133,968.5660773953886,MAJ,SAFE,2
274.32875614613295,635.2327440620553,MAJ,SAFE,2
149.32875614613295,857.4549662842774,MAJ,SAFE,2
399.32875614613295,42.64015146946275,MAJ,SAFE,2
86.82875614613295,375.9734848027961,MAJ,SAFE,2
336.82875614613295,931.5290403583515,MAJ,SAFE,2
211.82875614613295,153.7512625805739,MAJ,SAFE,2
461.82875614613295,487.08459591390726,MAJ,SAFE,2
961.828756146133,30.29447245711708,MAJ,SAFE,2
55.578756146132946,696.9611391237836,MAJ,SAFE,2
305.57875614613295,252.51669467933934,MAJ,SAFE,2
180.57875614613295,585.8500280126726,MAJ,SAFE,2
430.57875614613295,808.0722502348947,MAJ,SAFE,2
118.07875614613295,104.36854653119116,MAJ,SAFE,2
368.07875614613295,437.7018798645245,MAJ,SAFE,2
243.07875614613295,993.2574354200799,MAJ,SAFE,2
493.07875614613295,215.47965764230224,MAJ,SAFE,2
993.078756146133,882.1463243089688,MAJ,SAFE,2
4.797506146132946,548.8129909756356,MAJ,SAFE,2
504.79750614613295,67.33150949415409,MAJ,SAFE,2
254.79750614613295,733.9981761608208,MAJ,SAFE,2
129.79750614613295,289.5537317163764,MAJ,SAFE,2
629.797506146133,956.2203983830428,MAJ,SAFE,2
379.79750614613295,622.8870650497096,MAJ,SAFE,2
67.29750614613295,845.1092872719316,MAJ,SAFE,2
317.29750614613295,17.94879344477141,MAJ,SAFE,2
192.29750614613295,351.2821267781048,MAJ,SAFE,2
442.29750614613295,906.8376823336603,MAJ,SAFE,2
36.047506146132946,129.05990455588255,MAJ,SAFE,2
536.047506146133,795.7265712225491,MAJ,SAFE,2
286.04750614613295,462.39323788921587,MAJ,SAFE,2
161.04750614613295,758.6895341855121,MAJ,SAFE,2
411.04750614613295,314.2450897410678,MAJ,SAFE,2
911.047506146133,980.9117564077342,MAJ,SAFE,2
98.54750614613295,647.5784230744009,MAJ,SAFE,2
348.54750614613295,869.8006452966231,MAJ,SAFE,2
223.54750614613295,54.98583048180842,MAJ,SAFE,2
473.54750614613295,388.3191638151418,MAJ,SAFE,2
973.547506146133,277.2080527040307,MAJ,SAFE,2
20.422506146132946,943.8747193706972,MAJ,SAFE,2
520.422506146133,610.541386037364,MAJ,SAFE,2
270.42250614613295,166.09694159291956,MAJ,SAFE,2
145.42250614613295,499.43027492625293,MAJ,SAFE,2
645.422506146133,1.0306407241495208,MAJ,SAFE,2
395.42250614613295,667.6973073908163,MAJ,SAFE,2
82.92250614613295,223.25286294637175,MAJ,SAFE,2
332.92250614613295,556.5861962797052,MAJ,SAFE,2
207.92250614613295,778.8084185019272,MAJ,SAFE,2
457.92250614613295,75.1047147982236,MAJ,SAFE,2
957.922506146133,741.7713814648903,MAJ,SAFE,2
51.672506146132946,408.43804813155697,MAJ,SAFE,2
301.67250614613295,963.9936036871125,MAJ,SAFE,2
176.67250614613295,186.21582590933474,MAJ,SAFE,2
426.67250614613295,519.5491592426681,MAJ,SAFE,2
926.672506146133,38.06767776118659,MAJ,SAFE,2
114.17250614613295,704.7343444278533,MAJ,SAFE,2
364.17250614613295,260.2898999834089,MAJ,SAFE,2
239.17250614613295,593.6232333167421,MAJ,SAFE,2
489.17250614613295,815.8454555389642,MAJ,SAFE,2
989.172506146133,482.51212220563104,MAJ,SAFE,2
12.610006146132946,25.721998748840917,MAJ,SAFE,2
512.610006146133,692.3886654155076,MAJ,SAFE,2
262.61000614613295,359.05533208217423,MAJ,SAFE,2
137.61000614613295,914.6108876377298,MAJ,SAFE,2
387.61000614613295,136.833109859952,MAJ,SAFE,2
75.11000614613295,470.1664431932854,MAJ,SAFE,2
325.11000614613295,766.4627394895817,MAJ,SAFE,2
200.11000614613295,322.0182950451373,MAJ,SAFE,2
700.110006146133,988.6849617118039,MAJ,SAFE,2
450.11000614613295,655.3516283784707,MAJ,SAFE,2
950.110006146133,210.90718393402608,MAJ,SAFE,2
43.860006146132946,877.5738506006927,MAJ,SAFE,2
543.860006146133,544.2405172673595,MAJ,SAFE,2
293.86000614613295,62.75903578587793,MAJ,SAFE,2
168.86000614613295,396.0923691192113,MAJ,SAFE,2
418.86000614613295,951.6479246747667,MAJ,SAFE,2
106.36000614613295,173.87014689698907,MAJ,SAFE,2
356.36000614613295,507.20348023032244,MAJ,SAFE,2
856.360006146133,13.376319736495248,MAJ,SAFE,2
231.36000614613295,680.0429864031619,MAJ,SAFE,2
481.36000614613295,235.59854195871742,MAJ,SAFE,2
981.360006146133,902.2652086253842,MAJ,SAFE,2
28.235006146132946,568.9318752920509,MAJ,SAFE,2
528.235006146133,124.48743084760633,MAJ,SAFE,2
278.23500614613295,791.154097514273,MAJ,SAFE,2
153.23500614613295,87.45039381056927,MAJ,SAFE,2
403.23500614613295,420.78372714390264,MAJ,SAFE,2
90.73500614613295,976.3392826994582,MAJ,SAFE,2
340.73500614613295,198.5615049216804,MAJ,SAFE,2
215.73500614613295,531.8948382550137,MAJ,SAFE,2
465.73500614613295,717.080023440199,MAJ,SAFE,2
965.735006146133,383.74669010686563,MAJ,SAFE,2
59.485006146132946,272.6355789957545,MAJ,SAFE,2
309.48500614613295,605.9689123290879,MAJ,SAFE,2
184.48500614613295,828.1911345513099,MAJ,SAFE,2
434.48500614613295,9.261093399046672,MAJ,SAFE,2
121.98500614613295,342.59442673238004,MAJ,SAFE,2
371.98500614613295,898.1499822879355,MAJ,SAFE,2
246.98500614613295,120.37220451015781,MAJ,SAFE,2
496.98500614613295,453.70553784349113,MAJ,SAFE,2
996.985006146133,83.33516747312075,MAJ,SAFE,2
2.844381146132946,750.0018341397874,MAJ,SAFE,2
502.84438114613295,416.6685008064541,MAJ,SAFE,2
252.84438114613295,305.557389695343,MAJ,SAFE,2
752.844381146133,972.2240563620096,MAJ,SAFE,2
127.84438114613295,638.8907230286763,MAJ,SAFE,2
377.84438114613295,861.1129452508984,MAJ,SAFE,2
65.34438114613295,46.29813043608368,MAJ,SAFE,2
315.34438114613295,379.6314637694171,MAJ,SAFE,2
190.34438114613295,935.1870193249724,MAJ,SAFE,2
440.34438114613295,157.40924154719482,MAJ,SAFE,2
34.094381146132946,490.7425748805282,MAJ,SAFE,2
534.094381146133,33.95245142373801,MAJ,SAFE,2
284.09438114613295,700.6191180904046,MAJ,SAFE,2
159.09438114613295,256.1746736459603,MAJ,SAFE,2
409.09438114613295,589.5080069792937,MAJ,SAFE,2
96.59438114613295,811.7302292015157,MAJ,SAFE,2
346.59438114613295,108.02652549781209,MAJ,SAFE,2
221.59438114613295,441.35985883114546,MAJ,SAFE,2
471.59438114613295,996.915414386701,MAJ,SAFE,2
971.594381146133,663.5820810533677,MAJ,SAFE,2
18.469381146132946,219.13763660892317,MAJ,SAFE,2
518.469381146133,885.8043032755897,MAJ,SAFE,2
268.46938114613295,552.4709699422565,MAJ,SAFE,2
143.46938114613295,737.6561551274417,MAJ,SAFE,2
393.46938114613295,293.21171068299736,MAJ,SAFE,2
893.469381146133,959.8783773496639,MAJ,SAFE,2
80.96938114613295,626.5450440163306,MAJ,SAFE,2
330.96938114613295,848.7672662385527,MAJ,SAFE,2
205.96938114613295,21.606772411392342,MAJ,SAFE,2
455.96938114613295,354.94010574472577,MAJ,SAFE,2
955.969381146133,243.8289946336145,MAJ,SAFE,2
49.719381146132946,910.4956613002812,MAJ,SAFE,2
549.719381146133,577.1623279669479,MAJ,SAFE,2
299.71938114613295,132.71788352250348,MAJ,SAFE,2
174.71938114613295,466.05121685583686,MAJ,SAFE,2
424.71938114613295,762.3475131521332,MAJ,SAFE,2
112.21938114613295,317.9030687076887,MAJ,SAFE,2
612.219381146133,984.5697353743552,MAJ,SAFE,2
362.21938114613295,651.236402041022,MAJ,SAFE,2
237.21938114613295,873.458624263244,MAJ,SAFE,2
487.21938114613295,58.64380944842941,MAJ,SAFE,2
987.219381146133,725.3104761150962,MAJ,SAFE,2
10.656881146132946,391.9771427817628,MAJ,SAFE,2
510.65688114613295,280.86603167065164,MAJ,SAFE,2
260.65688114613295,947.5326983373182,MAJ,SAFE,2
135.65688114613295,169.75492055954044,MAJ,SAFE,2
385.65688114613295,503.0882538928738,MAJ,SAFE,2
885.656881146133,5.145867061598096,MAJ,SAFE,2
73.15688114613295,671.8125337282647,MAJ,SAFE,2
323.15688114613295,227.36808928382032,MAJ,SAFE,2
198.15688114613295,560.7014226171538,MAJ,SAFE,2
448.15688114613295,782.9236448393758,MAJ,SAFE,2
41.906881146132946,79.21994113567223,MAJ,SAFE,2
541.906881146133,745.8866078023389,MAJ,SAFE,2
291.90688114613295,412.55327446900554,MAJ,SAFE,2
166.90688114613295,968.108830024561,MAJ,SAFE,2
416.90688114613295,190.33105224678326,MAJ,SAFE,2
104.40688114613295,523.6643855801167,MAJ,SAFE,2
604.406881146133,42.182904098635106,MAJ,SAFE,2
354.40688114613295,708.8495707653019,MAJ,SAFE,2
229.40688114613295,264.4051263208574,MAJ,SAFE,2
479.40688114613295,597.7384596541907,MAJ,SAFE,2
979.406881146133,153.2940152097463,MAJ,SAFE,2
26.281881146132946,819.9606818764128,MAJ,SAFE,2
526.281881146133,486.6273485430796,MAJ,SAFE,2
276.28188114613295,29.837225086289436,MAJ,SAFE,2
151.28188114613295,363.1705584196228,MAJ,SAFE,2
401.28188114613295,918.7261139751784,MAJ,SAFE,2
88.78188114613295,140.94833619740052,MAJ,SAFE,2
338.78188114613295,474.2816695307339,MAJ,SAFE,2
213.78188114613295,770.5779658270302,MAJ,SAFE,2
463.78188114613295,326.13352138258574,MAJ,SAFE,2
963.781881146133,992.8001880492525,MAJ,SAFE,2
57.531881146132946,659.4668547159191,MAJ,SAFE,2
307.53188114613295,881.6890769381412,MAJ,SAFE,2
182.53188114613295,66.8742621233265,MAJ,SAFE,2
432.53188114613295,400.2075954566599,MAJ,SAFE,2
120.03188114613295,955.7631510122153,MAJ,SAFE,2
370.03188114613295,177.98537323443765,MAJ,SAFE,2
245.03188114613295,511.318706567771,MAJ,SAFE,2
745.031881146133,17.491546073943766,MAJ,SAFE,2
495.03188114613295,684.1582127406105,MAJ,SAFE,2
995.031881146133,350.82487940727714,MAJ,SAFE,2
6.750631146132946,239.713768296166,MAJ,SAFE,2
506.75063114613295,906.3804349628327,MAJ,SAFE,2
256.75063114613295,573.0471016294995,MAJ,SAFE,2
131.75063114613295,795.2693238517215,MAJ,SAFE,2
381.75063114613295,91.56562014801784,MAJ,SAFE,2
69.25063114613295,424.8989534813512,MAJ,SAFE,2
319.25063114613295,980.4545090369068,MAJ,SAFE,2
194.25063114613295,202.67673125912899,MAJ,SAFE,2
444.25063114613295,536.0100645924623,MAJ,SAFE,2
38.000631146132946,721.1952497776476,MAJ,SAFE,2
538.000631146133,387.86191644431415,MAJ,SAFE,2
288.00063114613295,276.75080533320306,MAJ,SAFE,2
163.00063114613295,610.0841386665364,MAJ,SAFE,2
413.00063114613295,832.3063608887585,MAJ,SAFE,2
100.50063114613295,3.7741249491152757,MAJ,SAFE,2
350.50063114613295,337.10745828244865,MAJ,SAFE,2
225.50063114613295,892.6630138380042,MAJ,SAFE,2
475.50063114613295,114.88523606022636,MAJ,SAFE,2
975.500631146133,781.551902726893,MAJ,SAFE,2
22.375631146132946,448.21856939355973,MAJ,SAFE,2
522.375631146133,77.84819902318935,MAJ,SAFE,2
272.37563114613295,744.514865689856,MAJ,SAFE,2
147.37563114613295,300.0704212454116,MAJ,SAFE,2
647.375631146133,966.7370879120783,MAJ,SAFE,2
397.37563114613295,633.403754578745,MAJ,SAFE,2
84.87563114613295,855.625976800967,MAJ,SAFE,2
334.87563114613295,40.81116198615223,MAJ,SAFE,2
209.87563114613295,374.1444953194857,MAJ,SAFE,2
459.87563114613295,929.7000508750411,MAJ,SAFE,2
959.875631146133,596.3667175417079,MAJ,SAFE,2
53.625631146132946,151.92227309726337,MAJ,SAFE,2
303.62563114613295,485.2556064305968,MAJ,SAFE,2
803.625631146133,28.465482973806616,MAJ,SAFE,2
178.62563114613295,695.1321496404734,MAJ,SAFE,2
428.62563114613295,250.6877051960289,MAJ,SAFE,2
116.12563114613295,584.0210385293623,MAJ,SAFE,2
366.12563114613295,806.2432607515843,MAJ,SAFE,2
241.12563114613295,102.53955704788069,MAJ,SAFE,2
491.12563114613295,435.87289038121406,MAJ,SAFE,2
991.125631146133,324.761779270103,MAJ,SAFE,2
14.563131146132946,991.4284459367695,MAJ,SAFE,2
514.563131146133,658.0951126034363,MAJ,SAFE,2
264.56313114613295,213.65066815899183,MAJ,SAFE,2
139.56313114613295,546.9840014923252,MAJ,SAFE,2
389.56313114613295,732.1691866775104,MAJ,SAFE,2
77.06313114613295,287.72474223306597,MAJ,SAFE,2
577.063131146133,954.3914088997325,MAJ,SAFE,2
327.06313114613295,621.0580755663992,MAJ,SAFE,2
202.06313114613295,843.2802977886213,MAJ,SAFE,2
452.06313114613295,16.119803961460946,MAJ,SAFE,2
952.063131146133,682.7864706281275,MAJ,SAFE,2
45.813131146132946,349.4531372947943,MAJ,SAFE,2
545.813131146133,238.34202618368317,MAJ,SAFE,2
295.81313114613295,905.0086928503499,MAJ,SAFE,2
170.81313114613295,127.23091507257203,MAJ,SAFE,2
420.81313114613295,460.56424840590546,MAJ,SAFE,2
108.31313114613295,756.8605447022018,MAJ,SAFE,2
358.31313114613295,312.4161002577573,MAJ,SAFE,2
858.313131146133,979.0827669244238,MAJ,SAFE,2
233.31313114613295,645.7494335910906,MAJ,SAFE,2
483.31313114613295,867.9716558133127,MAJ,SAFE,2
983.313131146133,534.6383224799795,MAJ,SAFE,2
30.188131146132946,53.156840998497955,MAJ,SAFE,2
530.188131146133,719.8235076651648,MAJ,SAFE,2
280.18813114613295,386.4901743318313,MAJ,SAFE,2
155.18813114613295,942.0457298873869,MAJ,SAFE,2
405.18813114613295,164.2679521096091,MAJ,SAFE,2
92.68813114613295,497.60128544294247,MAJ,SAFE,2
592.688131146133,12.00457762401237,MAJ,SAFE,2
342.68813114613295,678.671244290679,MAJ,SAFE,2
217.68813114613295,234.22679984623454,MAJ,SAFE,2
467.68813114613295,567.560133179568,MAJ,SAFE,2
967.688131146133,123.11568873512346,MAJ,SAFE,2
61.438131146132946,789.78235540179,MAJ,SAFE,2
311.43813114613295,86.0786516980865,MAJ,SAFE,2
186.43813114613295,419.4119850314199,MAJ,SAFE,2
436.43813114613295,974.9675405869752,MAJ,SAFE,2
123.93813114613295,197.18976280919753,MAJ,SAFE,2
373.93813114613295,530.5230961425309,MAJ,SAFE,2
873.938131146133,49.04161466104938,MAJ,SAFE,2
248.93813114613295,715.7082813277161,MAJ,SAFE,2
498.93813114613295,271.2638368832717,MAJ,SAFE,2
998.938131146133,937.9305035499383,MAJ,SAFE,2
1.867818646132946,604.597170216605,MAJ,SAFE,2
501.86781864613295,160.15272577216052,MAJ,SAFE,2
251.86781864613295,826.8193924388271,MAJ,SAFE,2
126.86781864613295,36.69593564870371,MAJ,SAFE,2
376.86781864613295,370.02926898203714,MAJ,SAFE,2
64.36781864613295,925.5848245375926,MAJ,SAFE,2
314.36781864613295,147.8070467598148,MAJ,SAFE,2
189.36781864613295,481.1403800931482,MAJ,SAFE,2
439.36781864613295,777.4366763894445,MAJ,SAFE,2
33.117818646132946,332.99223194500007,MAJ,SAFE,2
533.117818646133,999.6588986116667,MAJ,SAFE,2
283.11781864613295,666.3255652783334,MAJ,SAFE,2
158.11781864613295,888.5477875005555,MAJ,SAFE,2
408.11781864613295,73.73297268574078,MAJ,SAFE,2
95.61781864613295,407.0663060190742,MAJ,SAFE,2
345.61781864613295,962.6218615746295,MAJ,SAFE,2
220.61781864613295,184.84408379685186,MAJ,SAFE,2
470.61781864613295,518.1774171301853,MAJ,SAFE,2
970.617818646133,24.35025663635804,MAJ,SAFE,2
17.492818646132946,691.0169233030247,MAJ,SAFE,2
517.492818646133,357.68358996969147,MAJ,SAFE,2
267.49281864613295,246.57247885858024,MAJ,SAFE,2
142.49281864613295,579.9058121919137,MAJ,SAFE,2
392.49281864613295,802.1280344141358,MAJ,SAFE,2
79.99281864613295,98.42433071043212,MAJ,SAFE,2
329.99281864613295,431.75766404376554,MAJ,SAFE,2
204.99281864613295,987.313219599321,MAJ,SAFE,2
454.99281864613295,209.5354418215432,MAJ,SAFE,2
954.992818646133,876.2021084882098,MAJ,SAFE,2
48.742818646132946,542.8687751548765,MAJ,SAFE,2
548.742818646133,61.38729367339505,MAJ,SAFE,2
298.74281864613295,728.0539603400618,MAJ,SAFE,2
173.74281864613295,283.6095158956174,MAJ,SAFE,2
673.742818646133,950.276182562284,MAJ,SAFE,2
423.74281864613295,616.9428492289508,MAJ,SAFE,2
111.24281864613295,839.1650714511728,MAJ,SAFE,2
361.24281864613295,7.8893512865637945,MAJ,SAFE,2
236.24281864613295,341.2226846198972,MAJ,SAFE,2
486.24281864613295,896.7782401754528,MAJ,SAFE,2
986.242818646133,563.4449068421195,MAJ,SAFE,2
9.680318646132946,119.00046239767494,MAJ,SAFE,2
509.68031864613295,785.6671290643416,MAJ,SAFE,2
259.68031864613295,452.3337957310083,MAJ,SAFE,2
134.68031864613295,748.6300920273046,MAJ,SAFE,2
384.68031864613295,304.18564758286016,MAJ,SAFE,2
884.680318646133,970.8523142495268,MAJ,SAFE,2
72.18031864613295,637.5189809161935,MAJ,SAFE,2
322.18031864613295,859.7412031384156,MAJ,SAFE,2
197.18031864613295,44.92638832360086,MAJ,SAFE,2
447.18031864613295,378.25972165693423,MAJ,SAFE,2
40.930318646132946,933.8152772124897,MAJ,SAFE,2
540.930318646133,600.4819438791565,MAJ,SAFE,2
290.93031864613295,156.03749943471195,MAJ,SAFE,2
165.93031864613295,489.3708327680453,MAJ,SAFE,2
665.930318646133,32.58070931125519,MAJ,SAFE,2
415.93031864613295,699.2473759779218,MAJ,SAFE,2
103.43031864613295,254.80293153347745,MAJ,SAFE,2
353.43031864613295,588.1362648668108,MAJ,SAFE,2
228.43031864613295,810.3584870890329,MAJ,SAFE,2
478.43031864613295,106.65478338532927,MAJ,SAFE,2
978.430318646133,773.321450051996,MAJ,SAFE,2
25.305318646132946,439.98811671866264,MAJ,SAFE,2
525.305318646133,328.8770056075515,MAJ,SAFE,2
275.30531864613295,995.5436722742181,MAJ,SAFE,2
150.30531864613295,217.76589449644035,MAJ,SAFE,2
400.30531864613295,551.0992278297737,MAJ,SAFE,2
87.80531864613295,736.284413014959,MAJ,SAFE,2
337.80531864613295,291.8399685705145,MAJ,SAFE,2
837.805318646133,958.5066352371811,MAJ,SAFE,2
212.80531864613295,625.1733019038478,MAJ,SAFE,2
462.80531864613295,847.3955241260699,MAJ,SAFE,2
962.805318646133,514.0621907927367,MAJ,SAFE,2
56.555318646132946,20.23503029890952,MAJ,SAFE,2
306.55531864613295,353.56836363224284,MAJ,SAFE,2
181.55531864613295,909.1239191877985,MAJ,SAFE,2
431.55531864613295,131.3461414100206,MAJ,SAFE,2
119.05531864613295,464.679474743354,MAJ,SAFE,2
369.05531864613295,760.9757710396502,MAJ,SAFE,2
244.05531864613295,316.5313265952058,MAJ,SAFE,2
744.055318646133,983.1979932618724,MAJ,SAFE,2
494.05531864613295,649.8646599285391,MAJ,SAFE,2
994.055318646133,205.42021548409468,MAJ,SAFE,2
5.774068646132946,872.0868821507613,MAJ,SAFE,2
505.77406864613295,538.7535488174279,MAJ,SAFE,2
255.77406864613295,57.27206733594653,MAJ,SAFE,2
130.77406864613295,390.6054006692799,MAJ,SAFE,2
380.77406864613295,946.1609562248354,MAJ,SAFE,2
68.27406864613295,168.38317844705762,MAJ,SAFE,2
318.27406864613295,501.716511780391,MAJ,SAFE,2
818.274068646133,2.4023828366323983,MAJ,SAFE,2
193.27406864613295,669.0690495032991,MAJ,SAFE,2
443.27406864613295,224.62460505885463,MAJ,SAFE,2
37.024068646132946,557.957938392188,MAJ,SAFE,2
537.024068646133,113.51349394774354,MAJ,SAFE,2
287.02406864613295,780.1801606144102,MAJ,SAFE,2
162.02406864613295,76.47645691070647,MAJ,SAFE,2
412.02406864613295,409.80979024403985,MAJ,SAFE,2
99.52406864613295,965.3653457995954,MAJ,SAFE,2
349.52406864613295,187.58756802181756,MAJ,SAFE,2
224.52406864613295,520.9209013551509,MAJ,SAFE,2
724.524068646133,39.439419873669465,MAJ,SAFE,2
474.52406864613295,706.1060865403362,MAJ,SAFE,2
974.524068646133,372.77275320700284,MAJ,SAFE,2
21.399068646132946,261.6616420958917,MAJ,SAFE,2
521.399068646133,928.3283087625582,MAJ,SAFE,2
271.39906864613295,594.994975429225,MAJ,SAFE,2
146.39906864613295,817.2171976514471,MAJ,SAFE,2
396.39906864613295,27.093740861323795,MAJ,SAFE,2
83.89906864613295,360.42707419465717,MAJ,SAFE,2
333.89906864613295,915.9826297502126,MAJ,SAFE,2
208.89906864613295,138.20485197243488,MAJ,SAFE,2
458.89906864613295,471.53818530576825,MAJ,SAFE,2
958.899068646133,101.16781493539781,MAJ,SAFE,2
52.649068646132946,767.8344816020644,MAJ,SAFE,2
302.64906864613295,323.3900371576201,MAJ,SAFE,2
802.649068646133,990.0567038242866,MAJ,SAFE,2
177.64906864613295,656.7233704909534,MAJ,SAFE,2
427.64906864613295,878.9455927131755,MAJ,SAFE,2
115.14906864613295,64.1307778983608,MAJ,SAFE,2
365.14906864613295,397.4641112316942,MAJ,SAFE,2
240.14906864613295,953.0196667872497,MAJ,SAFE,2
490.14906864613295,175.2418890094719,MAJ,SAFE,2
990.149068646133,841.9085556761383,MAJ,SAFE,2
13.586568646132946,508.57522234280526,MAJ,SAFE,2
513.586568646133,14.748061848978068,MAJ,SAFE,2
263.58656864613295,681.4147285156447,MAJ,SAFE,2
138.58656864613295,236.9702840712003,MAJ,SAFE,2
388.58656864613295,570.3036174045337,MAJ,SAFE,2
76.08656864613295,792.5258396267559,MAJ,SAFE,2
326.08656864613295,88.82213592305214,MAJ,SAFE,2
201.08656864613295,422.1554692563855,MAJ,SAFE,2
451.08656864613295,977.7110248119409,MAJ,SAFE,2
951.086568646133,644.3776914786076,MAJ,SAFE,2
44.836568646132946,199.9332470341633,MAJ,SAFE,2
544.836568646133,866.5999137008298,MAJ,SAFE,2
294.83656864613295,533.2665803674965,MAJ,SAFE,2
169.83656864613295,718.4517655526819,MAJ,SAFE,2
419.83656864613295,274.0073211082374,MAJ,SAFE,2
107.33656864613295,607.3406544415707,MAJ,SAFE,2
357.33656864613295,829.5628766637928,MAJ,SAFE,2
232.33656864613295,10.63283551152955,MAJ,SAFE,2
482.33656864613295,343.9661688448629,MAJ,SAFE,2
982.336568646133,232.85505773375172,MAJ,SAFE,2
29.211568646132946,899.5217244004184,MAJ,SAFE,2
529.211568646133,566.188391067085,MAJ,SAFE,2
279.21156864613295,121.74394662264064,MAJ,SAFE,2
154.21156864613295,455.077279955974,MAJ,SAFE,2
404.21156864613295,751.3735762522701,MAJ,SAFE,2
91.71156864613295,306.9291318078259,MAJ,SAFE,2
591.711568646133,973.5957984744924,MAJ,SAFE,2
341.71156864613295,640.2624651411592,MAJ,SAFE,2
216.71156864613295,862.4846873633812,MAJ,SAFE,2
466.71156864613295,47.6698725485665,MAJ,SAFE,2
966.711568646133,714.3365392152332,MAJ,SAFE,2
60.461568646132946,381.00320588189993,MAJ,SAFE,2
310.46156864613295,936.5587614374554,MAJ,SAFE,2
185.46156864613295,158.78098365967764,MAJ,SAFE,2
435.46156864613295,492.1143169930111,MAJ,SAFE,2
935.461568646133,35.32419353622083,MAJ,SAFE,2
122.96156864613295,701.9908602028875,MAJ,SAFE,2
372.96156864613295,257.5464157584432,MAJ,SAFE,2
247.96156864613295,590.8797490917764,MAJ,SAFE,2
497.96156864613295,813.1019713139985,MAJ,SAFE,2
997.961568646133,479.7686379806654,MAJ,SAFE,2
3.820943646132946,109.39826761029497,MAJ,SAFE,2
503.82094364613295,776.0649342769616,MAJ,SAFE,2
253.82094364613295,442.73160094362834,MAJ,SAFE,2
128.82094364613295,998.2871564991838,MAJ,SAFE,2
378.82094364613295,220.50937872140605,MAJ,SAFE,2
66.32094364613295,553.8427120547393,MAJ,SAFE,2
316.32094364613295,739.0278972399245,MAJ,SAFE,2
191.32094364613295,294.5834527954802,MAJ,SAFE,2
691.320943646133,961.2501194621466,MAJ,SAFE,2
441.32094364613295,627.9167861288134,MAJ,SAFE,2
35.070943646132946,850.1390083510355,MAJ,SAFE,2
535.070943646133,516.8056750177024,MAJ,SAFE,2
285.07094364613295,22.97851452387522,MAJ,SAFE,2
160.07094364613295,356.3118478572086,MAJ,SAFE,2
410.07094364613295,911.8674034127641,MAJ,SAFE,2
97.57094364613295,134.08962563498625,MAJ,SAFE,2
347.57094364613295,467.4229589683197,MAJ,SAFE,2
222.57094364613295,763.7192552646159,MAJ,SAFE,2
472.57094364613295,319.2748108201715,MAJ,SAFE,2
972.570943646133,985.941477486838,MAJ,SAFE,2
19.445943646132946,652.6081441535048,MAJ,SAFE,2
519.445943646133,208.16369970906032,MAJ,SAFE,2
269.44594364613295,874.8303663757268,MAJ,SAFE,2
144.44594364613295,60.01555156091223,MAJ,SAFE,2
394.44594364613295,393.34888489424566,MAJ,SAFE,2
81.94594364613295,948.9044404498011,MAJ,SAFE,2
331.94594364613295,171.12666267202337,MAJ,SAFE,2
206.94594364613295,504.45999600535663,MAJ,SAFE,2
706.945943646133,6.517609174080974,MAJ,SAFE,2
456.94594364613295,673.1842758407475,MAJ,SAFE,2
956.945943646133,339.8509425074143,MAJ,SAFE,2
50.695943646132946,228.73983139630315,MAJ,SAFE,2
300.69594364613295,562.0731647296366,MAJ,SAFE,2
175.69594364613295,784.2953869518586,MAJ,SAFE,2
425.69594364613295,80.59168324815505,MAJ,SAFE,2
113.19594364613295,413.9250165814884,MAJ,SAFE,2
363.19594364613295,969.4805721370439,MAJ,SAFE,2
238.19594364613295,191.7027943592662,MAJ,SAFE,2
488.19594364613295,525.0361276925994,MAJ,SAFE,2
988.195943646133,43.55464621111798,MAJ,SAFE,2
11.633443646132946,710.2213128777846,MAJ,SAFE,2
511.63344364613295,376.88797954445135,MAJ,SAFE,2
261.63344364613295,265.77686843334027,MAJ,SAFE,2
136.63344364613295,599.1102017666735,MAJ,SAFE,2
386.63344364613295,821.3324239888956,MAJ,SAFE,2
74.13344364613295,31.208967198772314,MAJ,SAFE,2
324.13344364613295,364.5423005321057,MAJ,SAFE,2
199.13344364613295,920.0978560876612,MAJ,SAFE,2
449.13344364613295,142.32007830988346,MAJ,SAFE,2
42.883443646132946,475.65341164321677,MAJ,SAFE,2
542.883443646133,105.28304127284639,MAJ,SAFE,2
292.88344364613295,771.949707939513,MAJ,SAFE,2
167.88344364613295,327.5052634950687,MAJ,SAFE,2
667.883443646133,994.1719301617352,MAJ,SAFE,2
417.88344364613295,660.8385968284019,MAJ,SAFE,2
105.38344364613295,883.0608190506241,MAJ,SAFE,2
355.38344364613295,68.24600423580932,MAJ,SAFE,2
230.38344364613295,401.5793375691427,MAJ,SAFE,2
480.38344364613295,957.1348931246981,MAJ,SAFE,2
980.383443646133,623.8015597913649,MAJ,SAFE,2
27.258443646132946,179.35711534692047,MAJ,SAFE,2
527.258443646133,846.0237820135869,MAJ,SAFE,2
277.25844364613295,512.6904486802538,MAJ,SAFE,2
777.258443646133,18.863288186426644,MAJ,SAFE,2
152.25844364613295,685.5299548530932,MAJ,SAFE,2
402.25844364613295,241.08551040864887,MAJ,SAFE,2
89.75844364613295,574.4188437419823,MAJ,SAFE,2
339.75844364613295,796.6410659642044,MAJ,SAFE,2
214.75844364613295,92.93736226050072,MAJ,SAFE,2
464.75844364613295,426.2706955938341,MAJ,SAFE,2
964.758443646133,315.15958448272295,MAJ,SAFE,2
58.508443646132946,981.8262511493895,MAJ,SAFE,2
308.50844364613295,204.0484733716118,MAJ,SAFE,2
183.50844364613295,537.3818067049451,MAJ,SAFE,2
433.50844364613295,722.5669918901303,MAJ,SAFE,2
121.00844364613295,278.12254744568594,MAJ,SAFE,2
371.00844364613295,611.4558807790193,MAJ,SAFE,2
246.00844364613295,833.6781030012414,MAJ,SAFE,2
496.00844364613295,0.5733933533219329,MAJ,SAFE,2
996.008443646133,667.2400600199886,MAJ,SAFE,2
7.727193646132946,333.90672668665536,MAJ,SAFE,2
507.72719364613295,222.79561557554416,MAJ,SAFE,2
257.72719364613295,889.4622822422108,MAJ,SAFE,2
132.72719364613295,111.68450446443302,MAJ,SAFE,2
382.72719364613295,445.01783779776645,MAJ,SAFE,2
70.22719364613295,741.3141340940626,MAJ,SAFE,2
320.22719364613295,296.8696896496183,MAJ,SAFE,2
820.227193646133,963.5363563162848,MAJ,SAFE,2
195.22719364613295,630.2030229829516,MAJ,SAFE,2
445.22719364613295,852.4252452051737,MAJ,SAFE,2
38.977193646132946,37.61043039035894,MAJ,SAFE,2
538.977193646133,704.2770970570257,MAJ,SAFE,2
288.97719364613295,370.94376372369237,MAJ,SAFE,2
163.97719364613295,926.4993192792479,MAJ,SAFE,2
413.97719364613295,148.72154150147009,MAJ,SAFE,2
101.47719364613295,482.05487483480346,MAJ,SAFE,2
